{
    "custom.my_sound": {
        "sounds": [
            "custom/rewind"
        ]
    },
     "custom.phone": {
        "sounds": [
            "custom/phone"
        ]
    },
    "custom.sisyphus": {
        "sounds": [
	    "custom/sisyphus"
        ]
    },
    "custom.cantescape": {
        "sounds": [
	    "custom/cantescape"
        ]
    },
    "custom.credit": {
        "sounds": [
	    "custom/credit"
        ]
    },
    "custom.imbatman": {
        "sounds": [
	    "custom/imbatman"
        ]
    },
    "custom.judgement": {
        "sounds": [
	    "custom/judgement"
        ]
    },
    "custom.cotw": {
        "sounds": [
	    "custom/cotw"
        ]
    },
    "custom.batmantransition": {
        "sounds": [
	    "custom/batmantransition"
        ]
    },
    "custom.awdangit": {
        "sounds": [
	    "custom/awdangit"
        ]
    },
    "custom.gambling": {
        "sounds": [
	    "custom/gambling"
        ]
    },
    "custom.gamblingfull": {
        "sounds": [
	    "custom/gamblingfull"
        ]
    },
    "custom.crush": {
        "sounds": [
	    "custom/crush"
        ]
    }




}